<?xml version="1.0" encoding="UTF-8"?>
<mule xmlns:doc="http://www.mulesoft.org/schema/mule/documentation" xmlns="http://www.mulesoft.org/schema/mule/core" xmlns:apikit="http://www.mulesoft.org/schema/mule/apikit" xmlns:http="http://www.mulesoft.org/schema/mule/http" xmlns:spring="http://www.springframework.org/schema/beans" xmlns:xsi="http://www.w3.org/2001/XMLSchema-instance" xsi:schemaLocation="http://www.mulesoft.org/schema/mule/core http://www.mulesoft.org/schema/mule/core/current/mule.xsd
http://www.mulesoft.org/schema/mule/http http://www.mulesoft.org/schema/mule/http/current/mule-http.xsd
http://www.mulesoft.org/schema/mule/apikit http://www.mulesoft.org/schema/mule/apikit/current/mule-apikit.xsd
http://www.springframework.org/schema/beans http://www.springframework.org/schema/beans/spring-beans-3.1.xsd">
    <http:listener-config name="registration-httpListenerConfig" host="0.0.0.0" port="7777" doc:name="HTTP Listener Configuration"/>
    <apikit:config name="registration-config" raml="registration.raml" consoleEnabled="false" doc:name="Router"/>
    <flow name="registration-main">
        <http:listener config-ref="registration-httpListenerConfig" path="/api/*" doc:name="HTTP"/>
        <apikit:router config-ref="registration-config" doc:name="APIkit Router"/>
        <exception-strategy ref="registration-apiKitGlobalExceptionMapping" doc:name="Reference Exception Strategy"/>
    </flow>
    <flow name="registration-console">
        <http:listener config-ref="registration-httpListenerConfig" path="/console/*" doc:name="HTTP"/>
        <apikit:console config-ref="registration-config" doc:name="APIkit Console"/>
    </flow>
    <flow name="delete:/registrations/{userId}:registration-config">
        <set-payload value="#[NullPayload.getInstance()]" doc:name="Set Payload"/>
    </flow>
    <flow name="patch:/registrations/{userId}:application/json:registration-config">
        <set-payload value="{&#xA;  &quot;firstname&quot;: &quot;Max&quot;,&#xA;  &quot;lastname&quot;: &quot;Mustermann&quot;,&#xA;  &quot;email&quot;: &quot;max.mustermann@test.hsbc.com&quot;,&#xA;  &quot;serviceType&quot;: &quot;curr_live_rates&quot;&#xA;}" doc:name="Set Payload"/>
    </flow>
    <flow name="get:/registrations:registration-config">
        <set-payload value="[&#xA;  {&#xA;    &quot;userId&quot;: &quot;43997495&quot;,&#xA;    &quot;firstname&quot;: &quot;John&quot;,&#xA;    &quot;lastname&quot;: &quot;Doe&quot;,&#xA;    &quot;email&quot;: &quot;john.doe@test.hsbc.com&quot;,&#xA;    &quot;serviceType&quot;: &quot;curr_live_rates&quot;&#xA;  },&#xA;  {&#xA;    &quot;userId&quot;: &quot;43997497&quot;,&#xA;    &quot;firstname&quot;: &quot;Jane&quot;,&#xA;    &quot;lastname&quot;: &quot;Doe&quot;,&#xA;    &quot;email&quot;: &quot;jane.doe@test.hsbc.com&quot;,&#xA;    &quot;serviceType&quot;: &quot;curr_historic_rates&quot;&#xA;  }&#xA;]" doc:name="Set Payload"/>
    </flow>
    <flow name="get:/registrations/{userId}:registration-config">
        <set-payload value="{&#xA;  &quot;firstname&quot;: &quot;Max&quot;,&#xA;  &quot;lastname&quot;: &quot;Mustermann&quot;,&#xA;  &quot;email&quot;: &quot;max.mustermann@test.hsbc.com&quot;,&#xA;  &quot;serviceType&quot;: &quot;curr_live_rates&quot;&#xA;}" doc:name="Set Payload"/>
    </flow>
    <flow name="post:/registrations:application/json:registration-config">
        <set-payload value="#[NullPayload.getInstance()]" doc:name="Set Payload"/>
    </flow>
    <apikit:mapping-exception-strategy name="registration-apiKitGlobalExceptionMapping">
        <apikit:mapping statusCode="404">
            <apikit:exception value="org.mule.module.apikit.exception.NotFoundException" />
            <set-property propertyName="Content-Type" value="application/json" doc:name="Property"/>
            <set-payload value="{ &quot;message&quot;: &quot;Resource not found&quot; }" doc:name="Set Payload"/>
        </apikit:mapping>
        <apikit:mapping statusCode="405">
            <apikit:exception value="org.mule.module.apikit.exception.MethodNotAllowedException" />
            <set-property propertyName="Content-Type" value="application/json" doc:name="Property"/>
            <set-payload value="{ &quot;message&quot;: &quot;Method not allowed&quot; }" doc:name="Set Payload"/>
        </apikit:mapping>
        <apikit:mapping statusCode="415">
            <apikit:exception value="org.mule.module.apikit.exception.UnsupportedMediaTypeException" />
            <set-property propertyName="Content-Type" value="application/json" doc:name="Property"/>
            <set-payload value="{ &quot;message&quot;: &quot;Unsupported media type&quot; }" doc:name="Set Payload"/>
        </apikit:mapping>
        <apikit:mapping statusCode="406">
            <apikit:exception value="org.mule.module.apikit.exception.NotAcceptableException" />
            <set-property propertyName="Content-Type" value="application/json" doc:name="Property"/>
            <set-payload value="{ &quot;message&quot;: &quot;Not acceptable&quot; }" doc:name="Set Payload"/>
        </apikit:mapping>
        <apikit:mapping statusCode="400">
            <apikit:exception value="org.mule.module.apikit.exception.BadRequestException" />
            <set-property propertyName="Content-Type" value="application/json" doc:name="Property"/>
            <set-payload value="{ &quot;message&quot;: &quot;Bad request&quot; }" doc:name="Set Payload"/>
        </apikit:mapping>
    </apikit:mapping-exception-strategy>
</mule>
