<?xml version="1.0" encoding="UTF-8"?>

<mule xmlns:jersey="http://www.mulesoft.org/schema/mule/jersey" xmlns:jms="http://www.mulesoft.org/schema/mule/jms" xmlns:http="http://www.mulesoft.org/schema/mule/http" xmlns="http://www.mulesoft.org/schema/mule/core" xmlns:doc="http://www.mulesoft.org/schema/mule/documentation"
	xmlns:spring="http://www.springframework.org/schema/beans" 
	xmlns:xsi="http://www.w3.org/2001/XMLSchema-instance"
	xsi:schemaLocation="http://www.springframework.org/schema/beans http://www.springframework.org/schema/beans/spring-beans-current.xsd
http://www.mulesoft.org/schema/mule/core http://www.mulesoft.org/schema/mule/core/current/mule.xsd
http://www.mulesoft.org/schema/mule/http http://www.mulesoft.org/schema/mule/http/current/mule-http.xsd
http://www.mulesoft.org/schema/mule/jms http://www.mulesoft.org/schema/mule/jms/current/mule-jms.xsd
http://www.mulesoft.org/schema/mule/jersey http://www.mulesoft.org/schema/mule/jersey/current/mule-jersey.xsd">

    <http:listener-config name="HTTP_Listener_Configuration" host="0.0.0.0" port="9000" basePath="/usermgt" doc:name="HTTP Listener Configuration"/>
    
<!--     <jms:activemq-connector name="Active_MQ_Terranova" username="admin" password="admin" brokerURL="tcp://10.42.0.34:61616" validateConnections="true" doc:name="Active MQ"/> -->
    <jms:activemq-connector name="Active_MQ_Terranova" username="admin" password="admin" brokerURL="tcp://127.0.0.1:61616" validateConnections="true" doc:name="Active MQ"/>
    <jms:endpoint queue="audit.queue"  connector-ref="Active_MQ_Terranova" name="JMS_AUDIT_ENDPOINT" doc:name="JMS"/>
    
    <flow name="usermgtFlow">
        <http:listener config-ref="HTTP_Listener_Configuration" path="/*" doc:name="HTTP"/>
        <jersey:resources doc:name="RegistrationRESTResource">
            <component class="com.koweg.poc.usermgt.rest.resource.RegistrationResource"/>
        </jersey:resources>
<!--         <set-payload doc:name="Set Payload" value="#[groovy: return message.toString()]"/> -->
<!--         <jms:outbound-endpoint ref="JMS_AUDIT_ENDPOINT" connector-ref="Active_MQ_Terranova" doc:name="Audit"/> -->
    </flow>
</mule>
