<?xml version="1.0" encoding="UTF-8"?>
<site>
   <feature url="features/net.sourceforge.plantuml.feature_1.1.11.7997.jar" id="net.sourceforge.plantuml.feature" version="1.1.11.7997">
      <category name="net.sourceforge.plantuml"/>
   </feature>
   <feature url="features/net.sourceforge.plantuml.ecore.feature_0.9.0.qualifier.jar" id="net.sourceforge.plantuml.ecore.feature" version="0.9.0.qualifier">
      <category name="net.sourceforge.plantuml"/>
   </feature>
   <feature url="features/no.hal.jex.feature_1.1.0.qualifier.jar" id="no.hal.jex.feature" version="1.1.0.qualifier">
      <category name="no.hal.jex.feature"/>
   </feature>
   <feature url="features/no.hal.jex.jextest.feature_0.9.0.qualifier.jar" id="no.hal.jex.jextest.feature" version="0.9.0.qualifier">
      <category name="no.hal.jex.jextest.feature"/>
   </feature>
   <category-def name="no.hal.jex.feature" label="JExercise"/>
   <category-def name="net.sourceforge.plantuml" label="PlantUML"/>
   <category-def name="no.hal.jex.jextest.feature" label="JExercise test DSL"/>
</site>
